{"stats":{"minecraft:mined":{"minecraft:crafting_table":3,"minecraft:granite":7,"minecraft:grass_block":6,"minecraft:copper_ore":1,"minecraft:tall_grass":4,"minecraft:cobblestone":13,"minecraft:wall_torch":1,"minecraft:furnace":1,"minecraft:andesite":3,"minecraft:grass":11,"minecraft:coal_ore":93,"minecraft:oak_log":27,"minecraft:stone":44,"minecraft:oak_leaves":5},"minecraft:broken":{"minecraft:stone_pickaxe":1},"minecraft:killed":{"minecraft:spider":1,"minecraft:sheep":5,"minecraft:zombie":3,"minecraft:chicken":2,"minecraft:cow":3},"minecraft:picked_up":{"minecraft:wooden_axe":2,"minecraft:crafting_table":3,"minecraft:azure_bluet":1,"minecraft:feather":2,"minecraft:cooked_beef":4,"minecraft:chicken":1,"minecraft:andesite":6,"minecraft:leather":2,"minecraft:wooden_pickaxe":2,"minecraft:oak_log":26,"minecraft:dirt":6,"minecraft:raw_copper":2,"minecraft:cooked_mutton":1,"minecraft:wheat_seeds":2,"minecraft:stone_pickaxe":1,"minecraft:beef":5,"minecraft:light_gray_wool":2,"minecraft:furnace":1,"minecraft:torch":5,"minecraft:dandelion":1,"minecraft:dark_oak_planks":1,"minecraft:stone_sword":2,"minecraft:rotten_flesh":7,"minecraft:stone_axe":2,"minecraft:granite":7,"minecraft:oak_sapling":1,"minecraft:black_wool":1,"minecraft:mutton":8,"minecraft:coal":98,"minecraft:white_wool":2,"minecraft:cobblestone":57},"minecraft:custom":{"minecraft:interact_with_furnace":21,"minecraft:mob_kills":13,"minecraft:interact_with_crafting_table":16,"minecraft:leave_game":2,"minecraft:time_since_death":48413,"minecraft:sleep_in_bed":1,"minecraft:time_since_rest":185,"minecraft:sprint_one_cm":70740,"minecraft:damage_taken":762,"minecraft:walk_one_cm":180346,"minecraft:drop":7,"minecraft:damage_dealt":1786,"minecraft:swim_one_cm":23083,"minecraft:fly_one_cm":64046,"minecraft:open_chest":3,"minecraft:play_time":56507,"minecraft:deaths":1,"minecraft:sneak_time":39,"minecraft:walk_under_water_one_cm":10308,"minecraft:jump":709,"minecraft:walk_on_water_one_cm":8252,"minecraft:total_world_time":56507,"minecraft:fall_one_cm":9023},"minecraft:dropped":{"minecraft:wheat_seeds":2,"minecraft:stone_sword":1,"minecraft:azure_bluet":1,"minecraft:andesite":3,"minecraft:wooden_axe":1,"minecraft:dandelion":1},"minecraft:crafted":{"minecraft:cooked_beef":1,"minecraft:oak_planks":40,"minecraft:crafting_table":1,"minecraft:wooden_pickaxe":1,"minecraft:stone_axe":1,"minecraft:cooked_mutton":2,"minecraft:iron_chestplate":1,"minecraft:charcoal":5,"minecraft:shield":1,"minecraft:stick":16,"minecraft:stone_pickaxe":1,"minecraft:wooden_axe":1,"minecraft:stone_sword":1,"minecraft:torch":4},"minecraft:used":{"minecraft:cooked_mutton":3,"minecraft:stone_sword":116,"minecraft:stone_pickaxe":131,"minecraft:wooden_pickaxe":33,"minecraft:rotten_flesh":7,"minecraft:torch":2,"minecraft:crafting_table":4,"minecraft:granite":3,"minecraft:wooden_axe":23,"minecraft:stone_axe":18,"minecraft:cobblestone":23,"minecraft:cooked_beef":2},"minecraft:killed_by":{"minecraft:player":1}},"DataVersion":3120}