{"stats":{"minecraft:mined":{"minecraft:crafting_table":2,"minecraft:grass":8,"minecraft:grass_block":2,"minecraft:oak_log":27,"minecraft:coal_ore":52,"minecraft:cobblestone":3,"minecraft:tall_grass":4,"minecraft:copper_ore":1,"minecraft:stone":39,"minecraft:oak_leaves":5},"minecraft:killed":{"minecraft:sheep":2,"minecraft:zombie":1,"minecraft:cow":2},"minecraft:picked_up":{"minecraft:wooden_axe":2,"minecraft:cooked_beef":4,"minecraft:crafting_table":2,"minecraft:azure_bluet":1,"minecraft:torch":4,"minecraft:wooden_pickaxe":2,"minecraft:oak_log":26,"minecraft:dirt":3,"minecraft:raw_copper":2,"minecraft:cooked_mutton":1,"minecraft:stone_sword":1,"minecraft:rotten_flesh":6,"minecraft:stone_axe":2,"minecraft:wheat_seeds":1,"minecraft:beef":4,"minecraft:stone_pickaxe":1,"minecraft:light_gray_wool":1,"minecraft:oak_sapling":1,"minecraft:mutton":4,"minecraft:coal":58,"minecraft:white_wool":1,"minecraft:cobblestone":43},"minecraft:custom":{"minecraft:time_since_rest":23013,"minecraft:interact_with_furnace":21,"minecraft:sprint_one_cm":29832,"minecraft:damage_taken":502,"minecraft:walk_one_cm":101122,"minecraft:mob_kills":5,"minecraft:drop":1,"minecraft:damage_dealt":736,"minecraft:swim_one_cm":1678,"minecraft:interact_with_crafting_table":9,"minecraft:fly_one_cm":23630,"minecraft:play_time":31080,"minecraft:deaths":1,"minecraft:walk_under_water_one_cm":1546,"minecraft:jump":277,"minecraft:leave_game":1,"minecraft:walk_on_water_one_cm":3754,"minecraft:time_since_death":22986,"minecraft:total_world_time":31080,"minecraft:fall_one_cm":3855},"minecraft:dropped":{"minecraft:wooden_axe":1},"minecraft:crafted":{"minecraft:cooked_beef":1,"minecraft:oak_planks":32,"minecraft:charcoal":5,"minecraft:crafting_table":1,"minecraft:stick":16,"minecraft:wooden_pickaxe":1,"minecraft:stone_pickaxe":1,"minecraft:wooden_axe":1,"minecraft:stone_sword":1,"minecraft:torch":4,"minecraft:stone_axe":1,"minecraft:cooked_mutton":2},"minecraft:used":{"minecraft:cooked_mutton":1,"minecraft:wooden_axe":23,"minecraft:stone_sword":56,"minecraft:stone_pickaxe":75,"minecraft:wooden_pickaxe":21,"minecraft:rotten_flesh":6,"minecraft:stone_axe":17,"minecraft:cobblestone":11,"minecraft:crafting_table":3,"minecraft:cooked_beef":1},"minecraft:killed_by":{"minecraft:player":1}},"DataVersion":3120}