{"stats":{"minecraft:mined":{"minecraft:coal_ore":9,"minecraft:oak_log":9,"minecraft:stone":16,"minecraft:oak_leaves":1,"minecraft:crafting_table":2},"minecraft:picked_up":{"minecraft:crafting_table":2,"minecraft:oak_log":8,"minecraft:coal":7,"minecraft:cobblestone":17},"minecraft:custom":{"minecraft:time_since_rest":7080,"minecraft:sprint_one_cm":5570,"minecraft:play_time":7080,"minecraft:damage_taken":30,"minecraft:walk_one_cm":13728,"minecraft:jump":42,"minecraft:leave_game":1,"minecraft:time_since_death":7080,"minecraft:total_world_time":7080,"minecraft:fall_one_cm":1370,"minecraft:interact_with_crafting_table":4,"minecraft:fly_one_cm":6622},"minecraft:crafted":{"minecraft:stone_sword":1,"minecraft:oak_planks":16,"minecraft:crafting_table":1,"minecraft:stick":8,"minecraft:wooden_pickaxe":1,"minecraft:stone_pickaxe":1,"minecraft:wooden_axe":1},"minecraft:used":{"minecraft:wooden_axe":7,"minecraft:crafting_table":3,"minecraft:stone_pickaxe":11,"minecraft:wooden_pickaxe":14}},"DataVersion":3120}