{"stats":{"minecraft:mined":{"minecraft:furnace":1,"minecraft:crafting_table":3,"minecraft:grass":10,"minecraft:grass_block":6,"minecraft:oak_log":27,"minecraft:coal_ore":93,"minecraft:cobblestone":10,"minecraft:tall_grass":4,"minecraft:copper_ore":1,"minecraft:stone":44,"minecraft:oak_leaves":5},"minecraft:killed":{"minecraft:sheep":3,"minecraft:zombie":3,"minecraft:spider":1,"minecraft:cow":3},"minecraft:picked_up":{"minecraft:wooden_axe":2,"minecraft:cooked_beef":4,"minecraft:crafting_table":3,"minecraft:azure_bluet":1,"minecraft:leather":2,"minecraft:dandelion":1,"minecraft:torch":4,"minecraft:wooden_pickaxe":2,"minecraft:oak_log":26,"minecraft:dirt":6,"minecraft:raw_copper":2,"minecraft:cooked_mutton":1,"minecraft:stone_sword":1,"minecraft:rotten_flesh":7,"minecraft:stone_axe":2,"minecraft:wheat_seeds":1,"minecraft:beef":5,"minecraft:stone_pickaxe":1,"minecraft:light_gray_wool":2,"minecraft:oak_sapling":1,"minecraft:mutton":5,"minecraft:coal":98,"minecraft:white_wool":1,"minecraft:cobblestone":55,"minecraft:furnace":1},"minecraft:custom":{"minecraft:time_since_rest":35013,"minecraft:interact_with_furnace":21,"minecraft:sprint_one_cm":45629,"minecraft:damage_taken":642,"minecraft:walk_one_cm":149143,"minecraft:mob_kills":9,"minecraft:drop":1,"minecraft:damage_dealt":1485,"minecraft:swim_one_cm":1678,"minecraft:interact_with_crafting_table":9,"minecraft:fly_one_cm":45362,"minecraft:play_time":43080,"minecraft:deaths":1,"minecraft:walk_under_water_one_cm":3316,"minecraft:jump":497,"minecraft:leave_game":1,"minecraft:walk_on_water_one_cm":4349,"minecraft:time_since_death":34986,"minecraft:total_world_time":43080,"minecraft:fall_one_cm":6620},"minecraft:dropped":{"minecraft:wooden_axe":1},"minecraft:crafted":{"minecraft:cooked_beef":1,"minecraft:oak_planks":32,"minecraft:charcoal":5,"minecraft:crafting_table":1,"minecraft:stick":16,"minecraft:wooden_pickaxe":1,"minecraft:stone_pickaxe":1,"minecraft:wooden_axe":1,"minecraft:stone_sword":1,"minecraft:torch":4,"minecraft:stone_axe":1,"minecraft:cooked_mutton":2},"minecraft:used":{"minecraft:cooked_mutton":1,"minecraft:wooden_axe":23,"minecraft:stone_sword":101,"minecraft:stone_pickaxe":129,"minecraft:wooden_pickaxe":21,"minecraft:rotten_flesh":7,"minecraft:torch":1,"minecraft:stone_axe":18,"minecraft:cobblestone":17,"minecraft:crafting_table":3,"minecraft:cooked_beef":2},"minecraft:killed_by":{"minecraft:player":1}},"DataVersion":3120}