{"stats":{"minecraft:mined":{"minecraft:crafting_table":2,"minecraft:oak_log":23,"minecraft:coal_ore":52,"minecraft:copper_ore":1,"minecraft:stone":33,"minecraft:oak_leaves":3},"minecraft:killed":{"minecraft:zombie":1},"minecraft:picked_up":{"minecraft:wooden_axe":2,"minecraft:crafting_table":2,"minecraft:torch":4,"minecraft:wooden_pickaxe":2,"minecraft:oak_log":22,"minecraft:raw_copper":2,"minecraft:stone_sword":1,"minecraft:rotten_flesh":6,"minecraft:stone_axe":1,"minecraft:stone_pickaxe":1,"minecraft:oak_sapling":1,"minecraft:coal":58,"minecraft:cobblestone":34},"minecraft:custom":{"minecraft:time_since_rest":11013,"minecraft:sprint_one_cm":17642,"minecraft:damage_taken":390,"minecraft:walk_one_cm":57131,"minecraft:mob_kills":1,"minecraft:damage_dealt":360,"minecraft:swim_one_cm":1678,"minecraft:interact_with_crafting_table":4,"minecraft:fly_one_cm":16788,"minecraft:play_time":19080,"minecraft:deaths":1,"minecraft:walk_under_water_one_cm":1546,"minecraft:jump":186,"minecraft:leave_game":1,"minecraft:walk_on_water_one_cm":3754,"minecraft:time_since_death":10986,"minecraft:total_world_time":19080,"minecraft:fall_one_cm":3646},"minecraft:crafted":{"minecraft:oak_planks":32,"minecraft:crafting_table":1,"minecraft:stick":16,"minecraft:wooden_pickaxe":1,"minecraft:stone_pickaxe":1,"minecraft:wooden_axe":1,"minecraft:stone_sword":1,"minecraft:torch":4,"minecraft:stone_axe":1},"minecraft:used":{"minecraft:wooden_axe":23,"minecraft:stone_sword":14,"minecraft:stone_pickaxe":72,"minecraft:wooden_pickaxe":14,"minecraft:rotten_flesh":6,"minecraft:stone_axe":9,"minecraft:crafting_table":3},"minecraft:killed_by":{"minecraft:player":1}},"DataVersion":3120}