{"stats":{"minecraft:mined":{"minecraft:coal_ore":13,"minecraft:oak_log":4,"minecraft:stone":17,"minecraft:crafting_table":1},"minecraft:picked_up":{"minecraft:bone":1,"minecraft:crafting_table":1,"minecraft:arrow":1,"minecraft:oak_log":4,"minecraft:coal":13,"minecraft:cobblestone":17},"minecraft:custom":{"minecraft:time_since_rest":3838,"minecraft:play_time":3838,"minecraft:sprint_one_cm":12376,"minecraft:damage_taken":40,"minecraft:walk_one_cm":6222,"minecraft:jump":65,"minecraft:time_since_death":3838,"minecraft:total_world_time":3838,"minecraft:interact_with_crafting_table":2,"minecraft:fall_one_cm":1254,"minecraft:fly_one_cm":15233},"minecraft:crafted":{"minecraft:stone_sword":1,"minecraft:oak_planks":16,"minecraft:crafting_table":1,"minecraft:stone_axe":1,"minecraft:stick":8,"minecraft:wooden_pickaxe":1,"minecraft:stone_pickaxe":1},"minecraft:used":{"minecraft:stone_axe":1,"minecraft:crafting_table":1,"minecraft:stone_pickaxe":13,"minecraft:wooden_pickaxe":17}},"DataVersion":3120}