{"stats":{"minecraft:mined":{"minecraft:dark_oak_planks":1,"minecraft:white_bed":1,"minecraft:crafting_table":1,"minecraft:grass_block":5,"minecraft:tall_grass":3,"minecraft:cobblestone":1,"minecraft:sugar_cane":13,"minecraft:iron_ore":3,"minecraft:birch_leaves":2,"minecraft:grass":6,"minecraft:coal_ore":20,"minecraft:oak_log":27,"minecraft:dirt":5,"minecraft:stone":28,"minecraft:oak_leaves":2},"minecraft:killed":{"minecraft:pig":4,"minecraft:creeper":1,"minecraft:sheep":7,"minecraft:skeleton":4,"minecraft:zombie":5,"minecraft:chicken":1,"minecraft:cow":4},"minecraft:picked_up":{"minecraft:wooden_axe":1,"minecraft:crafting_table":1,"minecraft:azure_bluet":1,"minecraft:chicken":2,"minecraft:leather":4,"minecraft:brown_wool":1,"minecraft:oak_log":27,"minecraft:gunpowder":1,"minecraft:dirt":35,"minecraft:bone":6,"minecraft:wheat_seeds":3,"minecraft:beef":9,"minecraft:sugar_cane":18,"minecraft:egg":1,"minecraft:raw_iron":3,"minecraft:dandelion":1,"minecraft:porkchop":10,"minecraft:white_bed":1,"minecraft:arrow":6,"minecraft:rotten_flesh":7,"minecraft:oak_sapling":4,"minecraft:mutton":7,"minecraft:coal":20,"minecraft:white_wool":6,"minecraft:cobblestone":47},"minecraft:custom":{"minecraft:interact_with_furnace":15,"minecraft:mob_kills":28,"minecraft:interact_with_crafting_table":12,"minecraft:leave_game":1,"minecraft:time_since_death":41541,"minecraft:sleep_in_bed":2,"minecraft:time_since_rest":461,"minecraft:sprint_one_cm":179582,"minecraft:damage_taken":719,"minecraft:walk_one_cm":88047,"minecraft:drop":6,"minecraft:damage_dealt":3598,"minecraft:swim_one_cm":25812,"minecraft:fly_one_cm":205109,"minecraft:open_chest":2,"minecraft:crouch_one_cm":94,"minecraft:play_time":41541,"minecraft:sneak_time":163,"minecraft:walk_under_water_one_cm":6786,"minecraft:jump":1102,"minecraft:walk_on_water_one_cm":6107,"minecraft:total_world_time":41541,"minecraft:fall_one_cm":28609},"minecraft:dropped":{"minecraft:stone_axe":1,"minecraft:cooked_beef":4,"minecraft:cooked_mutton":1,"minecraft:azure_bluet":1,"minecraft:wooden_axe":1,"minecraft:oak_sapling":1},"minecraft:crafted":{"minecraft:cooked_beef":4,"minecraft:oak_planks":48,"minecraft:cooked_porkchop":7,"minecraft:crafting_table":1,"minecraft:wooden_pickaxe":1,"minecraft:cooked_chicken":1,"minecraft:furnace":1,"minecraft:campfire":1,"minecraft:stone_axe":2,"minecraft:cooked_mutton":3,"minecraft:stick":12,"minecraft:stone_pickaxe":1,"minecraft:stone_sword":1,"minecraft:white_bed":2},"minecraft:used":{"minecraft:cooked_mutton":1,"minecraft:stone_sword":72,"minecraft:stone_pickaxe":35,"minecraft:wooden_pickaxe":17,"minecraft:rotten_flesh":7,"minecraft:dirt":6,"minecraft:crafting_table":2,"minecraft:campfire":1,"minecraft:white_bed":2,"minecraft:stone_axe":44,"minecraft:furnace":1,"minecraft:oak_sapling":3,"minecraft:cooked_porkchop":7,"minecraft:egg":1}},"DataVersion":3120}