{"stats":{"minecraft:mined":{"minecraft:crafting_table":1,"minecraft:grass":4,"minecraft:grass_block":4,"minecraft:oak_log":27,"minecraft:coal_ore":13,"minecraft:dirt":5,"minecraft:tall_grass":3,"minecraft:cobblestone":1,"minecraft:stone":28,"minecraft:oak_leaves":2},"minecraft:killed":{"minecraft:sheep":3,"minecraft:pig":3,"minecraft:chicken":1,"minecraft:cow":1},"minecraft:picked_up":{"minecraft:wooden_axe":1,"minecraft:crafting_table":1,"minecraft:azure_bluet":1,"minecraft:chicken":1,"minecraft:leather":2,"minecraft:porkchop":7,"minecraft:oak_log":27,"minecraft:dirt":8,"minecraft:arrow":1,"minecraft:bone":1,"minecraft:wheat_seeds":1,"minecraft:beef":1,"minecraft:oak_sapling":4,"minecraft:mutton":3,"minecraft:coal":13,"minecraft:white_wool":3,"minecraft:cobblestone":29,"minecraft:egg":1},"minecraft:custom":{"minecraft:time_since_rest":15838,"minecraft:interact_with_furnace":15,"minecraft:sprint_one_cm":41625,"minecraft:damage_taken":54,"minecraft:walk_one_cm":48432,"minecraft:mob_kills":8,"minecraft:drop":6,"minecraft:damage_dealt":792,"minecraft:interact_with_crafting_table":10,"minecraft:fly_one_cm":31693,"minecraft:crouch_one_cm":8,"minecraft:play_time":15838,"minecraft:sneak_time":36,"minecraft:jump":252,"minecraft:time_since_death":15838,"minecraft:total_world_time":15838,"minecraft:fall_one_cm":4660},"minecraft:dropped":{"minecraft:stone_axe":1,"minecraft:cooked_beef":4,"minecraft:wooden_axe":1,"minecraft:oak_sapling":1,"minecraft:cooked_mutton":1,"minecraft:azure_bluet":1},"minecraft:crafted":{"minecraft:cooked_beef":4,"minecraft:oak_planks":48,"minecraft:cooked_porkchop":7,"minecraft:crafting_table":1,"minecraft:stick":12,"minecraft:cooked_chicken":1,"minecraft:wooden_pickaxe":1,"minecraft:stone_pickaxe":1,"minecraft:stone_sword":1,"minecraft:furnace":1,"minecraft:white_bed":1,"minecraft:campfire":1,"minecraft:stone_axe":2,"minecraft:cooked_mutton":3},"minecraft:used":{"minecraft:cooked_mutton":1,"minecraft:stone_sword":4,"minecraft:stone_pickaxe":25,"minecraft:wooden_pickaxe":17,"minecraft:stone_axe":43,"minecraft:dirt":2,"minecraft:crafting_table":2,"minecraft:oak_sapling":1,"minecraft:furnace":1,"minecraft:egg":1}},"DataVersion":3120}