{"stats":{"minecraft:mined":{"minecraft:crafting_table":1,"minecraft:grass":4,"minecraft:grass_block":5,"minecraft:oak_log":27,"minecraft:coal_ore":16,"minecraft:dirt":5,"minecraft:tall_grass":3,"minecraft:cobblestone":1,"minecraft:stone":28,"minecraft:sugar_cane":8,"minecraft:oak_leaves":2},"minecraft:killed":{"minecraft:skeleton":3,"minecraft:sheep":5,"minecraft:zombie":5,"minecraft:pig":3,"minecraft:chicken":1,"minecraft:creeper":1,"minecraft:cow":4},"minecraft:picked_up":{"minecraft:wooden_axe":1,"minecraft:crafting_table":1,"minecraft:azure_bluet":1,"minecraft:chicken":1,"minecraft:leather":4,"minecraft:porkchop":7,"minecraft:oak_log":27,"minecraft:gunpowder":1,"minecraft:dirt":35,"minecraft:arrow":5,"minecraft:bone":4,"minecraft:rotten_flesh":7,"minecraft:wheat_seeds":1,"minecraft:beef":9,"minecraft:oak_sapling":4,"minecraft:sugar_cane":6,"minecraft:mutton":5,"minecraft:coal":16,"minecraft:white_wool":5,"minecraft:cobblestone":29,"minecraft:egg":1},"minecraft:custom":{"minecraft:time_since_rest":27838,"minecraft:interact_with_furnace":15,"minecraft:sprint_one_cm":108765,"minecraft:damage_taken":589,"minecraft:walk_one_cm":72428,"minecraft:mob_kills":24,"minecraft:drop":6,"minecraft:damage_dealt":3198,"minecraft:swim_one_cm":2847,"minecraft:interact_with_crafting_table":10,"minecraft:fly_one_cm":122564,"minecraft:crouch_one_cm":8,"minecraft:play_time":27838,"minecraft:sneak_time":86,"minecraft:walk_under_water_one_cm":505,"minecraft:jump":671,"minecraft:walk_on_water_one_cm":273,"minecraft:time_since_death":27838,"minecraft:total_world_time":27838,"minecraft:fall_one_cm":17021},"minecraft:dropped":{"minecraft:stone_axe":1,"minecraft:cooked_beef":4,"minecraft:wooden_axe":1,"minecraft:oak_sapling":1,"minecraft:cooked_mutton":1,"minecraft:azure_bluet":1},"minecraft:crafted":{"minecraft:cooked_beef":4,"minecraft:oak_planks":48,"minecraft:cooked_porkchop":7,"minecraft:crafting_table":1,"minecraft:stick":12,"minecraft:cooked_chicken":1,"minecraft:wooden_pickaxe":1,"minecraft:stone_pickaxe":1,"minecraft:stone_sword":1,"minecraft:furnace":1,"minecraft:white_bed":1,"minecraft:campfire":1,"minecraft:stone_axe":2,"minecraft:cooked_mutton":3},"minecraft:used":{"minecraft:cooked_mutton":1,"minecraft:stone_sword":58,"minecraft:stone_pickaxe":28,"minecraft:wooden_pickaxe":17,"minecraft:rotten_flesh":7,"minecraft:stone_axe":43,"minecraft:dirt":5,"minecraft:crafting_table":2,"minecraft:oak_sapling":3,"minecraft:furnace":1,"minecraft:cooked_porkchop":5,"minecraft:egg":1}},"DataVersion":3120}