{"stats":{"minecraft:mined":{"minecraft:crafting_table":3,"minecraft:grass":2,"minecraft:oak_log":5,"minecraft:coal_ore":7,"minecraft:stone":8},"minecraft:killed":{"minecraft:zombie":6},"minecraft:picked_up":{"minecraft:wooden_axe":1,"minecraft:crafting_table":3,"minecraft:torch":8,"minecraft:wooden_pickaxe":2,"minecraft:oak_log":6,"minecraft:stone_sword":2,"minecraft:rotten_flesh":5,"minecraft:stone_axe":1,"minecraft:stone_pickaxe":2,"minecraft:oak_planks":14,"minecraft:coal":15,"minecraft:cobblestone":24},"minecraft:custom":{"minecraft:time_since_rest":8697,"minecraft:sprint_one_cm":18488,"minecraft:damage_taken":100,"minecraft:walk_one_cm":36456,"minecraft:mob_kills":6,"minecraft:drop":15,"minecraft:damage_dealt":1181,"minecraft:interact_with_crafting_table":3,"minecraft:fly_one_cm":39253,"minecraft:player_kills":1,"minecraft:crouch_one_cm":725,"minecraft:play_time":8697,"minecraft:sneak_time":133,"minecraft:jump":186,"minecraft:leave_game":1,"minecraft:time_since_death":8697,"minecraft:total_world_time":8697,"minecraft:fall_one_cm":5343},"minecraft:crafted":{"minecraft:oak_planks":24,"minecraft:crafting_table":1,"minecraft:stick":8,"minecraft:wooden_pickaxe":1,"minecraft:stone_pickaxe":1,"minecraft:wooden_axe":1,"minecraft:stone_axe":1},"minecraft:dropped":{"minecraft:stone_axe":1,"minecraft:stone_sword":2,"minecraft:torch":8,"minecraft:wooden_axe":2,"minecraft:rotten_flesh":4,"minecraft:cobblestone":9,"minecraft:stone_pickaxe":2,"minecraft:wooden_pickaxe":3,"minecraft:coal":8},"minecraft:used":{"minecraft:wooden_axe":1,"minecraft:stone_pickaxe":9,"minecraft:oak_planks":1,"minecraft:wooden_pickaxe":6,"minecraft:stone_axe":16,"minecraft:crafting_table":2}},"DataVersion":3120}